term,estimate,std_error_hc3,ci_low,ci_high,p_value
Intercept,4.453313489025756,0.5510298992893238,3.3733147320139487,5.533312246037564,6.381766090427135e-16
C(Year)[T.2],-0.2028823979038501,0.10231498345549228,-0.40341608055542644,-0.002348715252273731,0.04737639803547344
C(Year)[T.3],-0.04305597569476477,0.10256175703835212,-0.2440733256810823,0.15796137429155277,0.674627646403244
C(Year)[T.4],-0.2527583295669328,0.10655742430792614,-0.46160704349582093,-0.04390961563804466,0.017690239802101528
C(Gender)[T.Male],0.11290588545136754,0.07298777526485958,-0.030147525379460638,0.2559592962821957,0.12188373996107546
C(Gender)[T.Prefer not to say],0.005453489188290472,0.21639881736035887,-0.41868039913507393,0.4295873775116549,0.9798945560534541
C(Department)[T.CSE],-0.06286991533797318,0.10455056778019364,-0.2677852627503665,0.14204543207442016,0.5476168844618066
C(Department)[T.Civil],0.1707809759270983,0.14385489768043785,-0.11116944252625449,0.45273139438045107,0.23515849626992025
C(Department)[T.EEE],0.0950996696800292,0.13526196732976742,-0.17000891476434837,0.36020825412440677,0.48200734332636064
C(Department)[T.English],0.08530487950053989,0.15346044385175803,-0.21547206350043702,0.3860818225015168,0.5782960634584502
C(Department)[T.Pharmacy],0.13165675803235855,0.15859623582692972,-0.1791861522720447,0.4424996683367618,0.4064607786506649
usage_ordinal,-0.1062211662823688,0.05314005210952333,-0.21037375455361623,-0.0020685780111213553,0.04562016018173681
dependency_recomputed,-0.38103471530938715,0.04739185385882936,-0.4739210420332783,-0.288148388585496,8.977336198497088e-16
benefit_recomputed,0.024934874140279506,0.04636755852176972,-0.06594387061344241,0.11581361889400142,0.5907389402454204
CGPA,0.13487451131286765,0.12789812230019185,-0.11580120208580752,0.3855502247115428,0.29163280426191973
