field,missing_n,missing_pct,unique_n
Year,0,0.0,4
Gender,0,0.0,3
Department,0,0.0,6
Usage_Freq,0,0.0,4
Primary_Tool,0,0.0,5
RelyOnAI_Answers,0,0.0,5
ReducesCritical,0,0.0,5
LimitsSkills,0,0.0,5
MemoryRetentionDrop,0,0.0,5
CT1_IndependentAnalysis,0,0.0,5
CT2_ProblemSolving,0,0.0,5
CT3_EvaluateSources,0,0.0,5
CT4_ArgueReasoning,0,0.0,5
HelpsLearnFast,0,0.0,5
HelpsStudyEfficiency,0,0.0,5
PROD1_TimeSaved,0,0.0,5
PROD2_TaskCompletion,0,0.0,5
PROD3_ConceptClarity,0,0.0,5
CGPA,0,0.0,122
CT_Composite,0,0.0,16
Dependency_Composite,0,0.0,16
Benefit_Composite,0,0.0,20
Cluster,0,0.0,4
CT_Sum,0,0.0,16
Dependency_Sum,0,0.0,16
Benefit_Sum,0,0.0,20
ct_recomputed,0,0.0,16
dependency_recomputed,0,0.0,16
benefit_recomputed,0,0.0,20
usage_ordinal,0,0.0,4
